Network,Type,n_max,mean_n,var_n,k_max,mean_k,var_k,excess_k
Synthetic_poisson_k2,Synthetic,6,2.312142181886935,0.3386345677971679,15,1.9999999996254771,1.187248515451922,1.5936242575091197
Synthetic_poisson_k3,Synthetic,6,2.312142181886935,0.3386345677971679,19,2.9999999993817887,2.4643181073354037,2.8214393687548913
Thiers13,Empirical,6,2.312142181886935,0.3386345677971679,5,1.0425123441634614,0.04912771982607049,0.08963669727171326
